slaytr/beel.dev,slaytr,683125712,21,20,307,355
facebook/react,acdlite,683053542,21797,8,58,19
facebook/react,motiz88,682660262,21790,24,680,221
facebook/react,acdlite,682148807,21784,1,10,8
facebook/react,eps1lon,679946520,21766,3,35,0
facebook/react,bvaughn,676427123,21733,1,2,1
facebook/react,DenrizSusam,676149964,21729,1,1,1
facebook/react,eps1lon,676062224,21728,2,13,12
facebook/react,acdlite,675776208,21722,6,6,6
facebook/react,xpl,675471452,21719,3,127,3
facebook/react,PrinceRajRoy,674835964,21713,4,6,6
facebook/react,angelseblani,674069335,21710,3,35,4
facebook/react,rickhanlonii,673624876,21702,14,452,129
facebook/react,angelseblani,669126883,21672,3,29,3
facebook/react,houssemchebeb,669104315,21671,5,8,8
facebook/react,zhusiyi111,668832506,21667,1,61,8
facebook/react,behnammodi,667445022,21659,7,55,72
facebook/react,LesterWeng,665667859,21651,4,6,6
facebook/react,yeyuqiudeng,664157726,21643,1,1,1
facebook/react,gaearon,662458784,21630,1,53,0
facebook/react,ckthomp,661863554,21623,2,2,2
facebook/react,berkelmas,658451273,21593,2,19,10
facebook/react,eps1lon,654747323,21575,44,841,659
facebook/react,bvaughn,654182364,21572,12,88,63
facebook/react,Exifers,651427238,21555,1,1,1
facebook/react,rickhanlonii,650138859,21546,1,2,2
facebook/react,penwa,645945322,21515,2,4,4
facebook/react,AlexRAV,645345232,21513,3,48,5
facebook/react,bradzacher,644951496,21511,2,32,4
facebook/react,gaearon,638334825,21487,10,280,199
facebook/react,mrsilver256,637172958,21480,1,7,1
facebook/react,eps1lon,629379285,21419,3,51,2
facebook/react,okmttdhr,629121977,21414,3,99,2
facebook/react,ktfth,625503018,21382,1,12,4
facebook/react,rickhanlonii,624763140,21372,24,162,41
facebook/react,linjinze999,624040462,21361,1,1,1
facebook/react,eltociear,623259693,21353,1,1,1
facebook/react,hwinkler,622791560,21351,12,18,1
facebook/react,Ananya-0306,622543145,21346,1,1,0
facebook/react,nigelterry,621692752,21338,1,2,0
facebook/react,dustybins,617370922,21309,1,13,0
facebook/react,SThouvenin,617365011,21308,3,232,1
facebook/react,SThouvenin,617363406,21307,3,232,1
facebook/react,ghost,616933585,21304,4,34,101
facebook/react,jasonLaster,615674346,21278,1,8,1
facebook/react,acdlite,614076980,21245,24,697,1389
facebook/react,eusbolh,611595956,21207,3,101,4
facebook/react,davidbonnet,609024381,21180,3,33,0
facebook/react,behnammodi,608029147,21169,6,56,54
facebook/react,ktfth,607631159,21166,2,80,2
facebook/react,gaearon,601184140,21102,1,4,0
facebook/react,bvaughn,600224353,21081,2,12,0
facebook/react,Uyadav207,597344097,21044,1,31,0
facebook/react,Sheharyar566,592501539,21001,1,2,1
facebook/react,jordyvandomselaar,591264384,20985,2,25,0
facebook/react,taichiyi,586012558,20945,2,12,8
facebook/react,acdlite,585932374,20942,3,197,0
facebook/react,ChrisDobby,585451248,20936,6,231,29
facebook/react,lexanth,582990880,20913,2,186,9
facebook/react,SoAsEr,581024882,20896,10,635,56
facebook/react,doublethefish,580024475,20880,1,90,1
facebook/react,lbfalvy,576753008,20850,4,33,29
facebook/react,taichiyi,576301025,20846,2,0,2
facebook/react,iChenLei,573080750,20821,7,101,0
facebook/react,renatoalencar,573009666,20820,3,10,24
facebook/react,kaykdm,572913335,20815,2,22,0
facebook/react,dmlux,571872536,20803,6,47,13
facebook/react,intellild,571099242,20786,6,106,3
facebook/react,sebmarkbage,570785690,20783,3,564,8
facebook/react,amensum,570705064,20780,3,18,5
facebook/react,gaearon,570651171,20777,2,21,18
facebook/react,acdlite,570646336,20776,18,137,395
facebook/react,acdlite,567971545,20739,2,824,450
facebook/react,Strate,566764682,20721,2,105,4
facebook/react,bvaughn,561848359,20664,3,637,63
facebook/react,acdlite,560330486,20646,37,1938,171
facebook/react,Ubachukwu-Ibeh,558576418,20633,1,2,0
facebook/react,rickhanlonii,557051246,20612,1,37,0
facebook/react,ZoteTheMighty,552017875,20563,1,400,238
facebook/react,rickhanlonii,549394756,20550,1,40,1
facebook/react,sibelius,549197760,20547,1,1,1
facebook/react,samcooke98,547115773,20524,8,693,39
facebook/react,seiyab,546834264,20521,3,110,9
facebook/react,michaelneu,545474963,20514,2,108,1
facebook/react,masad-frost,545420940,20513,2,94,1
facebook/react,chalecao,545256727,20511,2,2,2
facebook/react,TryingToImprove,544821642,20506,2,45,0
facebook/react,sebmarkbage,542841366,20487,1,26,4
facebook/react,LucasPickering,541431533,20477,3,77,9
facebook/react,eps1lon,536552786,20432,1,9,0
facebook/react,sebmarkbage,536004203,20429,1,24,5
facebook/react,gaearon,535669442,20426,1,48,3
facebook/react,HelloAny,533321608,20390,1,3,4
facebook/react,tsinglemon,529072235,20350,1,2,1
facebook/react,ideffix,528251585,20333,2,2,8
facebook/react,sarathps93,524905696,20310,2,81,41
facebook/react,PoByBolek,523161806,20290,3,133,0
facebook/react,terminatorheart,522350871,20277,1,1,3
facebook/react,ZoteTheMighty,520933270,20256,6,76,47
facebook/react,acdlite,520810867,20255,100,1887,7098
facebook/react,matthargett,519685447,20233,13,34,28
facebook/react,sebmarkbage,518843292,20218,1,43,0
facebook/react,behnammodi,518806409,20216,4,9,17
facebook/react,miguelsolano,517207924,20192,2,23,0
facebook/react,denisx,517160877,20190,8,9,9
facebook/react,AmauryLiet,516822543,20183,3,78,1
facebook/react,oltrep,516385264,20169,2,130,0
facebook/react,oltrep,514968208,20155,2,393,1
facebook/react,acdlite,512633607,20133,20,2718,1653
facebook/react,suresh1999,511448223,20115,1,1,1
facebook/react,TedDriggs,510960936,20110,1,19,1
facebook/react,saveliytomak,510144497,20102,1,1,3
facebook/react,antoniopacheco,509240763,20087,3,54,4
facebook/react,upbooo,508856327,20084,4,7,7
facebook/react,lewisl9029,505620276,20051,2,35,9
facebook/react,matthargett,501056161,19997,95,381,337
facebook/react,SMAKSS,500888697,19996,9,30,26
facebook/react,omarsy,500771491,19994,3,40,2
facebook/react,anatoliy8493,500066704,19984,144,296,296
facebook/react,ilhamsyahids,498888731,19972,33,8,14
facebook/react,matthargett,498774024,19971,237,1002,950
facebook/react,ghost,498373802,19967,1,0,6
facebook/react,srubin,497530025,19957,2,61,8
facebook/react,abnud1,494293179,19918,4,124,304
facebook/react,iscorekin,494026149,19917,2,30,15
facebook/react,taneliang,491799887,19892,22,291,124
facebook/react,chrstnv,489888186,19869,2,667,1
facebook/react,omarsy,489827244,19867,4,71,6
facebook/react,MichaelBelousov,486775920,19833,2,38,1
facebook/react,thejessicafelts,486139242,19825,1,4,4
facebook/react,thejessicafelts,485747958,19822,1,15,14
facebook/react,bpernick,478137678,19753,1,1,1
facebook/react,inottn,476355450,19730,2,0,4
facebook/react,Jchinonso,474864087,19710,12,143,47
facebook/react,jamesknelson,474673257,19709,7,28,28
facebook/react,overlookmotel,474102270,19702,1,52,0
facebook/react,harjeevs17,469675440,19641,1,1,1
facebook/react,snyamathi,469193939,19631,1,1,0
facebook/react,brijeshprasad89,468344312,19622,1,1,1
facebook/react,adnaanbheda,468180421,19620,1,5,0
facebook/react,koto,466153372,19588,3,87,21
facebook/react,trueadm,464838134,19557,14,203,42
facebook/react,trueadm,464538320,19554,15,74,3
facebook/react,monkingxue,462763163,19525,1,47,20
facebook/react,enahsor,456789505,19456,2,9,12
facebook/react,trupti0101,456577078,19451,3,4,0
facebook/react,realrains,456249944,19448,1,1,1
facebook/react,trueadm,455318159,19431,1,28,0
facebook/react,rickhanlonii,452901184,19408,3,45,16
facebook/react,acdlite,449696594,19377,2,60,1
facebook/react,MichaelDeBoey,449155220,19355,4,12,0
facebook/react,Reflex-Gravity,448760050,19345,27,156,21
facebook/react,eps1lon,447768564,19319,3,77,12
facebook/react,Ashikpaul,447735394,19317,1,2,2
facebook/react,bl00mber,430902394,19097,24,702,0
facebook/react,louisscruz,429574971,19095,5,839,164
facebook/react,sebmarkbage,425399924,19052,5,130,11
facebook/react,sebmarkbage,425390346,19051,5,124,11
facebook/react,sebmarkbage,425380099,19050,1,66,45
facebook/react,trueadm,424550686,19035,1,2,0
facebook/react,bl00mber,424185560,19028,4,134,8
facebook/react,acdlite,419198339,18942,7,389,242
facebook/react,asheshvidyut7,419070528,18939,5,48,1
facebook/react,lunaruan,414979263,18865,17,941,9
facebook/react,dvoytenko,414932539,18861,2,265,9
facebook/react,sebmarkbage,413805619,18836,9,347,2
facebook/react,sebmarkbage,412640911,18807,3,61,24
facebook/react,ChrisDobby,409093350,18746,5,130,13
facebook/react,dubzzz,408188565,18721,4,868,20
facebook/react,trueadm,406773663,18690,2,11,2
facebook/react,bl00mber,406302583,18681,2,198,121
facebook/react,dubzzz,405554854,18674,1,79,0
facebook/react,trueadm,405499195,18670,4,8,3
facebook/react,acdlite,403457929,18612,28,1929,2243
facebook/react,bl00mber,398766069,18493,3,71,4
facebook/react,threepointone,382477715,18196,36,168,205
facebook/react,trueadm,372416612,17998,1,139,128
facebook/react,acdlite,370597171,17968,6,238,26
facebook/react,acdlite,355417468,17669,27,2089,573
facebook/react,threepointone,350852350,17556,22,478,22
facebook/react,sebmarkbage,350188696,17542,3,14,10
facebook/react,gejimayu,346171133,17473,8,83,3
facebook/react,bpas247,344222308,17427,2,31,0
facebook/react,bvaughn,336431592,17267,2,40,4
facebook/react,sebmarkbage,333990788,17217,1,2,1
facebook/react,Jessidhia,313140680,16632,1,92,0
facebook/react,Siegrift,310400353,16555,6,252,17
facebook/react,sebmarkbage,270103971,15401,1,6,1
facebook/react,ljharb,268201800,15349,2,40,22
facebook/react,sebmarkbage,265974911,15274,9,119,120
facebook/react,Andarist,253732236,14876,1,50,0
facebook/react,bisubus,226095353,13986,2,36,12
facebook/react,sebmarkbage,223352775,13862,5,164,26
taniarascia/takenote,tomasvn,684218927,518,2,29,13
taniarascia/takenote,MithunW,669481428,517,5,93,4
taniarascia/takenote,Shubh1692,662921777,515,3,63,2
taniarascia/takenote,Federico-Pomponii,659104213,513,2,28,1
taniarascia/takenote,Isaiah-peter,658363892,512,3,45,7
taniarascia/takenote,Bartek532,657510249,509,3,50,18
taniarascia/takenote,MithunW,656068842,507,3,9,6
taniarascia/takenote,ashrash,622719324,504,11,685,130
taniarascia/takenote,allcontributors[bot],568863025,492,2,72,61
taniarascia/takenote,allcontributors[bot],562025586,489,2,72,61
taniarascia/takenote,zaanposni,540413738,482,8,50,3
taniarascia/takenote,Imaraika,536288231,477,2,27,1
taniarascia/takenote,bjankord,533029984,461,1,20,5
sanyuan0704/react-cloud-music,pinohong,467816440,57,78,32174,0
sanyuan0704/react-cloud-music,guozhengzhongGit,358485087,46,1,1,1
karlhadwen/todoist,sammanadh,666994099,38,1,14,0
withspectrum/spectrum,tanmoyopenroot,595182778,5438,11,182,31
withspectrum/spectrum,tanmoyopenroot,586235709,5435,1,11,11
withspectrum/spectrum,tanmoyopenroot,586091002,5434,4,65,36
withspectrum/spectrum,Richienb,499319975,5403,1,1,7
withspectrum/spectrum,jzabala,455478923,5379,1,3,0
withspectrum/spectrum,jzabala,455203031,5378,1,1,2
withspectrum/spectrum,edumoreira1506,418768965,5355,2,3,1
withspectrum/spectrum,citisolo,292049935,5180,8,160,3
withspectrum/spectrum,moskhawas,271684778,5041,1,7,0
withspectrum/spectrum,rafaelalmeidatk,261799323,4875,3,19,5
withspectrum/spectrum,mxstbr,259472594,4842,20,284,105
withspectrum/spectrum,ThomasRoest,258314548,4819,4,72,13
withspectrum/spectrum,mxstbr,251911515,4622,7,102,29
withspectrum/spectrum,mxstbr,248452577,4596,5,47,2
withspectrum/spectrum,srikar0896,246999762,4565,2,36,29
withspectrum/spectrum,mxstbr,236213619,4416,45,1831,7
withspectrum/spectrum,amitnovick,235247104,4389,1,1,1
withspectrum/spectrum,pontusab,233922553,4353,1,2,2
withspectrum/spectrum,mxstbr,233822063,4348,9,200,130
withspectrum/spectrum,mxstbr,232733342,4299,14,3504,1323
withspectrum/spectrum,mxstbr,232400898,4276,3,6,11
withspectrum/spectrum,followbl,226164369,4132,1,4,1
withspectrum/spectrum,mxstbr,209561499,3803,4,104,12
withspectrum/spectrum,mxstbr,195170357,3334,22,308,311
withspectrum/spectrum,isaiahgrey93,187975834,3091,8,445,297
withspectrum/spectrum,derrickpelletier,187693257,3085,15,192,2
withspectrum/spectrum,jaydp17,185652319,3005,16,262,1
withspectrum/spectrum,alejandronanez,185404390,2992,37,1335,339
withspectrum/spectrum,LetItRock,183604696,2947,27,395,10
withspectrum/spectrum,littleStudent,183369093,2942,30,839,101
rahuldkjain/github-profile-readme-generator,techyharshit123,682988387,414,1,2,0
rahuldkjain/github-profile-readme-generator,Illya1074,681896330,411,0,0,0
rahuldkjain/github-profile-readme-generator,Illya1074,680279207,407,2,18,1
rahuldkjain/github-profile-readme-generator,sreecodeslayer,669734620,403,2,3,0
rahuldkjain/github-profile-readme-generator,maacpiash,667689060,401,2,2,2
rahuldkjain/github-profile-readme-generator,LightningAA,666998108,400,1,3,1
rahuldkjain/github-profile-readme-generator,jameslahm,662713451,399,3,9,4
rahuldkjain/github-profile-readme-generator,Merded,662231496,396,1,2,2
rahuldkjain/github-profile-readme-generator,soham4abc,653483803,392,1,32,27
rahuldkjain/github-profile-readme-generator,kushal98,651233935,391,4,276,106
rahuldkjain/github-profile-readme-generator,predator2v0,648422822,390,3,30,0
rahuldkjain/github-profile-readme-generator,thetejasmagade,646719896,388,1,1,0
rahuldkjain/github-profile-readme-generator,karlhorky,610732931,377,2,22,10
rahuldkjain/github-profile-readme-generator,frntnd93,583902046,372,1,1,1
rahuldkjain/github-profile-readme-generator,WarenGonzaga,564415777,363,3,6106,4477
rahuldkjain/github-profile-readme-generator,WarenGonzaga,564411591,361,1,13,0
rahuldkjain/github-profile-readme-generator,umanchanda,556159365,357,2,148,76
rahuldkjain/github-profile-readme-generator,LarsVomMars,550783305,354,13,45,45
rahuldkjain/github-profile-readme-generator,ronan696,543393925,348,6,44,0
rahuldkjain/github-profile-readme-generator,bu4ak,519408500,336,1,3,0
rahuldkjain/github-profile-readme-generator,Mohitmadhav,508958605,303,2,0,0
rahuldkjain/github-profile-readme-generator,kunaljain0212,507741441,290,3,4,4
rahuldkjain/github-profile-readme-generator,Mamoanwar97,505559337,283,6,48,42
rahuldkjain/github-profile-readme-generator,thauska,504584718,271,13,366,268
rahuldkjain/github-profile-readme-generator,ryo-ma,500908625,256,1,20,0
rahuldkjain/github-profile-readme-generator,ryo-ma,500906671,255,1,2,0
rahuldkjain/github-profile-readme-generator,Mohitmadhav,499723602,251,1,0,0
rahuldkjain/github-profile-readme-generator,crisgon,497330684,223,1,62,15
rahuldkjain/github-profile-readme-generator,nisarhassan12,497326914,222,2,29,4
rahuldkjain/github-profile-readme-generator,imgbot[bot],496963323,201,182,177,11636
rahuldkjain/github-profile-readme-generator,yashrajb,496852678,198,6,193,7
rahuldkjain/github-profile-readme-generator,m1ga,496350683,172,3,134,2
rahuldkjain/github-profile-readme-generator,isagul,493571718,141,13,416,233
ritz078/moose,agent515,566609188,254,4,6290,24
ritz078/moose,ritz078,459626753,125,30,2092,470
